[
    {
        "TemplateId": "setheader",
        "Title": "Authorization",
        "Parameters": {
            "x-ms-apimTemplateParameter.name": "Authorization",
            "x-ms-apimTemplateParameter.value": "Bearer YOUR_KEY_HERE",
            "x-ms-apimTemplateParameter.existsAction": "override",
            "x-ms-apimTemplate-policySection": "Request",
            "x-ms-apimTemplate-operationName": [
                "Completion",
                "CreateImage",
                "Moderation",
                "Chat"
            ]
        }
    }
]