[
    {
        "templateId": "setheader",
        "title": "Authorization",
        "parameters": {
            "x-ms-apimTemplateParameter.name": "Authorization",
            "x-ms-apimTemplateParameter.value": "Bearer YOUR_KEY",
            "x-ms-apimTemplateParameter.existsAction": "override",
            "x-ms-apimTemplate-policySection": "Request",
            "x-ms-apimTemplate-operationName": [
                "Completion",
                "CreateImage",
                "Moderation",
                "Chat",
                "Speech2Text"
            ]
        }
    }
]