<ImportExportXml xmlns:xsi="http://www.w3.org/2001/XMLSchema-instance">
  <Entities></Entities>
  <Roles></Roles>
  <Workflows></Workflows>
  <FieldSecurityProfiles></FieldSecurityProfiles>
  <Templates />
  <EntityMaps />
  <EntityRelationships />
  <OrganizationSettings />
  <optionsets />
  <CustomControls />
  <EntityDataProviders />
  <CanvasApps>
    <CanvasApp>
      <Name>dts_smarteremail_6976e</Name>
      <AppVersion>2023-09-25T14:26:45Z</AppVersion>
      <Status>Ready</Status>
      <CreatedByClientVersion>3.23091.14.0</CreatedByClientVersion>
      <MinClientVersion>3.23091.14.0</MinClientVersion>
      <Tags>{"primaryDeviceWidth":"1366","primaryDeviceHeight":"768","supportsPortrait":"true","supportsLandscape":"true","primaryFormFactor":"Tablet","showStatusBar":"false","publisherVersion":"3.23091.14","minimumRequiredApiVersion":"2.2.0","hasComponent":"false","hasUnlockedComponent":"false","isUnifiedRootApp":"false","sienaVersion":"20230925T121619Z-3.23091.14.0"}</Tags>
      <IsCdsUpgraded>0</IsCdsUpgraded>
      <GalleryItemId xsi:nil="true"></GalleryItemId>
      <BackgroundColor>rgba(255, 255, 255, 1)</BackgroundColor>
      <DisplayName>SmarterEmail™</DisplayName>
      <Description xsi:nil="true"></Description>
      <CommitMessage xsi:nil="true"></CommitMessage>
      <Publisher></Publisher>
      <AuthorizationReferences>[]</AuthorizationReferences>
      <ConnectionReferences>{"58ecfe2a-b6a6-4655-af10-eb25e39846ca":{"id":"/providers/microsoft.powerapps/apis/shared_office365","displayName":"Office 365 Outlook","iconUri":"https://connectoricons-prod.azureedge.net/u/henryorsborn/partial-builds/asev3migrations-with-resourceTemplate/1.0.1653.3403/office365/icon.png","dataSources":["Office365Outlook"],"dependencies":[],"dependents":[],"parameterHints":{},"parameterHintsV2":{},"isOnPremiseConnection":false,"bypassConsent":false,"dataSets":{},"apiTier":"Standard","actions":["GetEmailsV3"],"isCustomApiSolutionAware":false},"db4e8f5f-cd8f-48bd-aa3c-b187b7798498":{"id":"/providers/microsoft.powerapps/apis/shared_sharepointonline","displayName":"SharePoint","iconUri":"https://connectoricons-prod.azureedge.net/releases/v1.0.1654/1.0.1654.3414/sharepointonline/icon.png","dataSources":["envSharePointList"],"dependencies":[],"dependents":[],"parameterHints":{},"parameterHintsV2":{},"isOnPremiseConnection":false,"bypassConsent":false,"dataSets":{"https://cnxmail.sharepoint.com/sites/LowCode_dts_envSharePointSite":{"datasetOverride":{"name":"https://decisionforward.sharepoint.com/sites/PowerPlatformLab","environmentVariableName":"dts_envSharePointSite"},"dataSources":{"envSharePointList":{"tableName":"01728383-61db-4616-9e0d-4c4b65344646","tableNameOverride":{"name":"4925c47d-873a-4688-9297-13eff519fb07","environmentVariableName":"dts_envSharePointList"}}}}},"apiTier":"Standard","actions":["providers/PowerPlatform.Governance/Operations/Read","providers/PowerPlatform.Governance/Operations/Write"],"isCustomApiSolutionAware":false},"01928b9d-af7d-4997-aac5-ff43035063e9":{"id":"/providers/microsoft.powerapps/apis/shared_new-5fcustom-5fopenai-5fa8bf56336885b130","displayName":"Custom_OpenAI","iconUri":"https://prodapiicons.cdn.powerappscdn.net/20230925t000000zc0c5204f32584c948f008424e8e6ed62/new_5Fcustom-5Fopenai_iconblob.Png","dataSources":["OpenAI"],"dependencies":[],"dependents":[],"parameterHints":{},"parameterHintsV2":{},"isOnPremiseConnection":false,"bypassConsent":false,"dataSets":{},"apiTier":"Standard","actions":["Chat"],"customApiLogicalName":"new_5Fcustom-5Fopenai","isCustomApiSolutionAware":true}}</ConnectionReferences>
      <DatabaseReferences>{"default.cds":{"databaseDetails":{"referenceType":"Environmental","environmentName":"default.cds","overrideValues":{"status":"NotSpecified"}},"dataSources":{"Environment Variable Definitions":{"entitySetName":"environmentvariabledefinitions","logicalName":"environmentvariabledefinition"},"Environment Variable Values":{"entitySetName":"environmentvariablevalues","logicalName":"environmentvariablevalue"}}}}</DatabaseReferences>
      <AppComponents>[]</AppComponents>
      <AppComponentDependencies>[]</AppComponentDependencies>
      <CanConsumeAppPass>1</CanConsumeAppPass>
      <CanvasAppType>0</CanvasAppType>
      <BypassConsent>0</BypassConsent>
      <AdminControlBypassConsent>0</AdminControlBypassConsent>
      <EmbeddedApp xsi:nil="true"></EmbeddedApp>
      <IntroducedVersion>1.0</IntroducedVersion>
      <CdsDependencies>{"cdsdependencies":[{"logicalname":"new_5Fcustom-5Fopenai","componenttype":372,"componenttypeplatformname":"connector"},{"logicalname":"environmentvariabledefinition","componenttype":1},{"logicalname":"environmentvariablevalue","componenttype":1},{"logicalname":"dts_envSharePointSite","componenttype":380,"componenttypeplatformname":"EnvironmentVariableDefinition"},{"logicalname":"dts_envSharePointList","componenttype":380,"componenttypeplatformname":"EnvironmentVariableDefinition"}]}</CdsDependencies>
      <IsCustomizable>1</IsCustomizable>
      <BackgroundImageUri>/CanvasApps/dts_smarteremail_6976e_BackgroundImageUri</BackgroundImageUri>
      <DocumentUri>/CanvasApps/dts_smarteremail_6976e_DocumentUri.msapp</DocumentUri>
    </CanvasApp>
  </CanvasApps>
  <Connectors>
    <Connector>
      <connectorid>b4e4faff-88bb-409a-841b-c294879ae37a</connectorid>
      <description>Connect to the OpenAI API and use the Power of GPT3, API key must be entered as "Bearer YOUR_API_KEY". This connector uses a POLICY named AUTHORIZATION to set the API KEY globally.</description>
      <displayname>Custom_OpenAI</displayname>
      <iconbrandcolor>#007ee5</iconbrandcolor>
      <name>new_5Fcustom-5Fopenai</name>
      <connectortype>1</connectortype>
      <openapidefinition>/Connector/new_5Fcustom-5Fopenai_openapidefinition.json</openapidefinition>
      <connectionparameters>/Connector/new_5Fcustom-5Fopenai_connectionparameters.json</connectionparameters>
      <policytemplateinstances>/Connector/new_5Fcustom-5Fopenai_policytemplateinstances.json</policytemplateinstances>
      <iconblob>/Connector/new_5Fcustom-5Fopenai_iconblob.Png</iconblob>
    </Connector>
  </Connectors>
  <Languages>
    <Language>1033</Language>
  </Languages>
</ImportExportXml>